name,surname,email,phone
Samantha,Butler,awilliams@gmail.com,672-216-5854
Sandra,Clark,michele79@gray.com,(538)790-0994x92266
Karl,Short,cfriedman@jones.net,+1-092-422-1609x257
Carolyn,Stein,kathrynturner@gmail.com,273.069.3782x6136
Lisa,Fletcher,charlesberry@chavez-rodriguez.net,632.397.2254x858
Teresa,Robles,logan55@adams.biz,001-888-973-6547x255
Jeremy,Green,amberallen@thornton.com,4990901728
James,Cooper,mleach@clayton.com,+1-990-866-7824x112
Linda,Reeves,brendamacdonald@yahoo.com,+1-557-611-6020x5418
Dawn,Hansen,kristinaandrade@gmail.com,001-541-667-1109x697
Sherry,Foster,jennifer56@yahoo.com,(634)181-9911x21955
Shelly,Mason,clarkjoseph@yahoo.com,001-403-083-8459
Johnny,Thompson,stevenpace@hotmail.com,(408)323-6471
Mitchell,Collins,thomas83@gmail.com,001-823-666-2491x294
Eric,Deleon,lisa54@gmail.com,6007058191
Matthew,Stephens,franklinkenneth@wilson-miller.org,255.393.0434x50992
Andrew,Brown,williamssherry@yahoo.com,432.486.8136
Jennifer,Williams,obaker@allison-peterson.com,262-915-3539
Michael,Barnes,tmorrison@cordova.com,327.481.9841x024
Herbert,Espinoza,xwebb@chase.org,789-766-9601
Mark,Patton,listephen@yahoo.com,001-780-167-0016
Tiffany,Wilson,susan40@jarvis.com,539-566-8658
Matthew,Robinson,lallen@yahoo.com,001-811-786-5637x9408
Adam,Brown,ogarcia@bruce-stone.com,331.859.9240
Patricia,White,carrillorobert@hudson.org,(782)122-6668x6765
Derrick,Brown,vharris@chung.com,(050)798-0077x140
Erin,Rodriguez,dianedixon@hotmail.com,001-574-169-7036x07947
Lindsey,Smith,pricecolin@hotmail.com,001-329-891-3202x078
Sean,Martin,qmiller@mendez.com,(258)576-3912x77917
Jesse,Campbell,williamsrebecca@hotmail.com,001-871-104-4149x97809
Sarah,Nielsen,hernandezbrett@hotmail.com,001-061-866-6281x099
Andrew,Lopez,johnsonkristine@manning-hoffman.com,0209456545
Adam,Brown,johnwilliamson@wallace.com,001-763-680-0577x4961
Gabrielle,Perez,tammy41@sellers-huang.info,1379647545
Melissa,Hunter,wthompson@brown.org,+1-155-682-2251x271
Tyler,Chan,christine43@wilkerson.com,301.661.5919
Jeff,Sanchez,psmith@colon.com,(473)353-3680x6280
Kristina,Adams,jessicabean@palmer.com,134.983.7649x676
Joseph,Kelley,jennifer54@garrett.com,(080)759-2497x704
Lawrence,Merritt,emily05@gmail.com,478.891.7879x40065
Brittany,Marquez,ksalazar@hotmail.com,268-202-6506x944
Courtney,Kennedy,christinahamilton@hotmail.com,+1-639-344-0505x67163
Kelly,Hicks,aanderson@ingram.org,288-759-8167
Joshua,Roth,spencerkathleen@schaefer.net,+1-001-414-8039x3077
Jose,Harmon,athomas@smith.com,231.002.0646
Jerome,Lopez,wbutler@yahoo.com,(359)686-0688x214
Bradley,Jarvis,sandraestrada@jackson.com,018-512-1724
Matthew,Garcia,monicamckenzie@miles.info,001-977-652-0271x0259
Jo,Roberson,pfrost@gmail.com,+1-576-617-5400x06082
Rachel,Thompson,michaelpearson@yahoo.com,817-005-8434x909
Samantha,Andrews,robertsantiago@hall-yoder.info,+1-876-158-0904x9197
Andre,Morgan,andrew79@wang-rice.info,617-715-2567x929
Karen,Olson,oreed@hunt.com,916-638-6096
Christian,Lewis,thomas98@taylor-bryant.com,001-522-113-3755x627
Christopher,Hooper,sbarnes@davis.com,506.939.5537
Kim,Arnold,heidiowen@gmail.com,411.564.3561
Darrell,Moore,carpenterjennifer@yahoo.com,+1-213-818-6635x745
Bryan,Peterson,heathkathleen@jennings.com,(579)196-8520
Elizabeth,Shields,robertsonshelly@gmail.com,001-009-061-4680
Julia,Jones,watersmelissa@wright-jones.biz,343.787.6907x5132
Christina,Bradley,snguyen@yahoo.com,001-260-747-7631
Jesse,Blair,francisgrant@snyder.biz,+1-378-647-2957
Jeffrey,Hernandez,zmendoza@mckay.org,6636408482
Arthur,Lewis,lopezalan@duncan.com,(227)548-4268x06860
Chad,Simmons,craigzimmerman@yahoo.com,940.098.9680x376
Miranda,Rollins,bowmanmallory@chavez.biz,(452)019-0816x75175
William,Acosta,timothycruz@hotmail.com,+1-611-448-2424
Lee,Brown,jasonfernandez@yahoo.com,001-368-794-8290x3694
Charlotte,Sanchez,dennisgrimes@hotmail.com,001-841-560-2771x501
Deanna,Yoder,bennettelaine@pineda.info,(713)995-4225
Michael,Bentley,pruittsally@gmail.com,+1-269-746-4689x17606
Jaclyn,Reeves,jessica37@rogers-avila.info,+1-550-707-3776
Cory,Hanson,scott98@torres.org,185.036.0445x10387
Matthew,Kirk,kevin61@collins.com,(650)253-7472x62864
Michelle,Solomon,lindawilliams@gibson.com,822-577-4529
Dakota,Mcconnell,angelapowell@white-hernandez.com,484.715.3055x56403
William,Conrad,xchristensen@gray.com,(651)761-7316x7670
Luis,Boyd,cwalker@yahoo.com,835-353-7418x52750
Sylvia,Henry,ericgomez@davis.biz,059-360-3522
Jason,Robinson,danielreynolds@yahoo.com,4782332827
Alexandra,Cohen,whitelance@carson.com,(809)324-5419x151
Jonathan,Brown,jmann@gmail.com,001-089-809-6953x441
Donald,Powers,burnserin@gmail.com,+1-859-554-3485x43515
Jasmine,Scott,tracy26@yahoo.com,994-377-9516x80427
Carol,Burch,ugregory@hotmail.com,+1-404-234-8795x91850
Robert,Lopez,douglasanderson@gmail.com,003.445.9962
Stephanie,Fox,owenseric@yahoo.com,(694)518-7425
Holly,Warner,jessica35@hotmail.com,(334)840-1987x235
Lisa,Collins,adam69@torres.biz,(628)050-5145x1802
Antonio,Klein,dwhite@rice.biz,+1-063-049-5321
Zachary,Velasquez,kellerjohn@yahoo.com,748.637.4591x94063
Kimberly,Hancock,campbellbriana@sanchez.org,(711)567-2043x641
Jeffrey,Pollard,ygonzalez@jones.biz,434-370-4790
Hannah,Frazier,davidconley@zimmerman-walker.com,592.870.0823x402
Matthew,Bond,raymond05@gmail.com,736-230-0383x142
Julie,Lynch,carrilloscott@anderson.biz,001-428-232-3585x0992
Ronald,Santiago,sandrasanchez@hotmail.com,4326012523
Chloe,Miranda,stevenskayla@gmail.com,001-721-935-7135x5829
Russell,Gordon,daltonburke@kim.com,720-119-3990x6655
Lisa,Horton,stephaniewarren@yahoo.com,704.403.2508x5616
Allison,Pham,alexa81@castro.info,170-357-5029
Kevin,Berger,katie65@yahoo.com,(206)163-8773x004
Jon,Baker,joshuawoods@nelson.com,8829793062
Jessica,Malone,yluna@gmail.com,727-719-0467
David,Nichols,acampbell@gmail.com,8237606406
Kelly,Banks,fitzgeraldbarbara@martinez.com,712-077-2214x779
Eric,Shaw,jamesking@johnson.com,+1-850-036-1500x7395
Brenda,Keller,nsuarez@wright.com,(821)620-8448
Lauren,Trujillo,codysmith@hotmail.com,+1-575-165-8828x6011
Kimberly,Christensen,rebeccagordon@hotmail.com,(030)343-0907x2394
Paula,Marquez,chelseadavis@black.com,(759)762-6769
Elizabeth,King,qmoore@herring-wiggins.biz,129.655.9430x80949
Carlos,Chan,richardsullivan@richardson-miller.org,+1-992-643-8613x243
Willie,Williams,nhall@gmail.com,158-836-4378x929
Stacie,Alvarez,jimmyvasquez@guerrero-fowler.biz,(156)776-2785x28458
Joshua,Mccall,jlove@gmail.com,(735)283-2999x16559
Joel,Dunlap,jmorrison@gmail.com,026-436-3631
Natalie,Turner,christopherjohnson@watson-cohen.com,001-156-110-8549x0409
Kevin,Mclaughlin,lori62@stanton.biz,498.260.7853x723
Madison,Mays,briannabrown@fisher.com,(705)263-5164x2722
Rachael,Thompson,qbarnett@hotmail.com,457.466.7076
Carla,Wright,parkbrittany@love-castro.com,(014)928-1133x647
Cathy,Brown,usmith@gmail.com,054.112.8656
Jessica,Valenzuela,eric76@chavez.info,+1-666-256-0038x1805
Candace,Murphy,joseph28@gmail.com,990.404.0081
Dalton,Brock,greenmichael@morrison.com,(554)838-1980x2917
Donna,Johnson,petersonjared@taylor-williams.net,997.680.2502x60678
Mark,Stewart,elizabethwaters@potter-shields.com,001-312-481-5723x798
Christina,Martinez,erin29@guerrero.com,001-195-707-8006
Patty,Walker,njohnson@moon-harrison.com,619-600-9040x55784
Lori,Kerr,joneswilliam@hotmail.com,(422)134-5614x9321
Sharon,Collins,katherineperkins@gmail.com,001-975-306-9856
Jonathan,Church,nortonkelly@yahoo.com,142-737-5629
Kevin,Barnes,keyashley@yahoo.com,+1-748-381-6209x53027
Kristi,Mccormick,aaron04@yahoo.com,(092)857-1618x18963
John,Reed,karajones@yahoo.com,001-226-771-8971x5037
Jessica,Lewis,josephamanda@burton.info,760-387-8633x8393
David,Weiss,qhamilton@hotmail.com,+1-932-658-3000
Gregory,Hinton,james96@kelley-zhang.com,226-573-6619
Philip,Willis,nataliecruz@long-harris.com,852.286.5356x39686
Christine,Hall,wallspamela@dunn-diaz.org,299.334.2741x13975
Benjamin,Jenkins,richard51@walker.info,074.039.4741
Julie,Ryan,arodriguez@gmail.com,6157548639
Christopher,Wiggins,taylorjesse@hotmail.com,001-894-884-4400x916
Lauren,Olson,brownmichael@barry.org,(178)728-0111x9278
Destiny,Hall,jasmineyoung@gmail.com,+1-507-754-0320
Sarah,Smith,clarkbeth@anderson.com,8876372505
Richard,Gould,davidcamacho@hotmail.com,+1-272-223-1845x87302
Seth,Harris,hpena@thompson-king.com,693-617-5464x02037
Darin,Edwards,georgesamuel@hanson.com,+1-933-354-0771
Adam,Ware,aliciasimmons@sims-mckinney.net,370.798.2932
George,Schmidt,yjacobs@harris-knight.com,(637)549-1078
Travis,Goodwin,kdunn@yahoo.com,747.116.9251
Jonathan,Mendoza,zachary02@yahoo.com,(944)017-4006x19286
Mary,Hess,alvarezeric@russell.org,(650)364-9425
Andrew,Riley,stephanie40@hotmail.com,(318)254-4247x11563
Justin,Lindsey,samuelmartinez@gmail.com,001-062-475-1602
John,Allen,kimberly50@gmail.com,001-888-514-0388x95387
Keith,Nunez,kathryn23@johnson.info,001-646-490-1008x66736
Peggy,Diaz,angelamartinez@mcbride.com,(030)268-4025
Emily,Wells,sdavis@hotmail.com,(929)344-4637
Joshua,Larson,christinejohnson@jennings.com,785-286-3245
Adrian,Young,amanda19@brown.com,429.085.5435x2426
Ashley,Curry,jason36@caldwell.biz,686-217-8366
Nicole,Barnes,vgordon@hotmail.com,+1-552-610-4312
Ronald,Graham,james02@hotmail.com,+1-994-219-6602x3971
Sydney,Russell,mercedes98@gmail.com,(365)052-1472x8573
Kelsey,Lara,jmoyer@david-peters.com,001-055-046-4009x54991
Howard,Barrett,lopezpaul@hotmail.com,011-396-5669x26185
Richard,King,kevintrevino@king-johnson.com,001-510-194-2478x764
Megan,Reeves,mary00@yahoo.com,(219)723-8420x39508
Robert,Keller,kristinathomas@maddox.com,926-082-1356
Rebecca,Murphy,ohogan@gmail.com,445.765.6437
Alex,Morales,philip36@kane-hawkins.net,327.330.5605
Ashlee,Wilson,tina28@gmail.com,430-261-9264
Richard,Gomez,ibarraandrea@gmail.com,+1-393-692-1775x9716
Thomas,Smith,erinchambers@brown.com,(617)262-6894
Christopher,Smith,diazcourtney@gmail.com,118-165-0565x11071
Regina,Barnes,jonesnathaniel@hotmail.com,834-007-7804x350
Thomas,Hodges,barbaraevans@hotmail.com,9091470846
Christopher,Clarke,robertgray@bates-watson.net,(027)113-3730x890
Heather,Rodriguez,adamscarolyn@leblanc.com,001-566-343-6285
Steven,Jones,hunterpedro@hotmail.com,529.148.8393x98064
Jamie,Johnson,kyle23@wheeler-ford.com,408-832-4120
Michael,Pruitt,kford@little-holmes.com,418-343-1097x274
Michael,Zuniga,michael65@williams.org,001-558-759-4689x5916
Kristen,Brady,laura48@yahoo.com,001-561-413-3793
Shelby,Sanchez,fmartin@hotmail.com,118-932-5750x339
Angela,Smith,alex94@gmail.com,+1-668-315-4575
Rebecca,Blair,marco22@wright.info,+1-152-034-5844x58067
Elizabeth,Welch,pacecharles@thomas-rivera.com,141.964.0623x3667
Sarah,Sanders,michaelsavage@simmons-thomas.info,001-192-988-8812x9383
Connie,Collins,greensabrina@yahoo.com,571.273.2117x98850
Heidi,Simpson,cameronjohnson@ho.com,(529)152-2489x967
Kyle,Bray,taralawson@mckay.info,570-022-1261x5432
Bruce,Davis,zrodriguez@berry.biz,+1-234-271-5186x1893
Robert,Smith,fnguyen@yahoo.com,+1-551-607-6402x63518
Michael,Franklin,michaeljennings@joseph.com,781-785-4705x1312
Kristen,Lee,mike25@yahoo.com,(566)268-7516
Jeff,Lane,monroekimberly@green.org,(339)754-0477
Keith,Lynch,grobinson@james-wright.com,(504)384-0542
Beth,Hall,stephenhines@mathews-walker.com,+1-769-314-4121x42867
Sharon,Floyd,sarahhoward@gmail.com,155.382.6071x16798
Lauren,Macdonald,ericfarley@yahoo.com,001-722-862-0793x4165
Dustin,Nelson,pgriffith@peterson.net,382.773.2128x8372
Ruth,Coleman,turnerjacob@barnes.biz,001-881-909-6416x03587
Stacey,Benson,kimberlyyang@yahoo.com,500-643-4494
Melissa,Parker,karenjohnson@moore.org,+1-524-761-1199x4616
Roberto,Abbott,lynn05@ochoa-berg.com,970-214-8738x901
Cynthia,Austin,ericksonheather@cooper-smith.com,8168866413
Jared,Diaz,carolyn60@yahoo.com,+1-380-764-3204x4978
Daniel,Brady,muellermatthew@brown.com,+1-969-542-8187x9995
Todd,Miller,hwilliams@yahoo.com,001-434-634-0062x35026
Stephanie,Gray,angela90@gmail.com,001-180-852-8060
Tasha,Wong,brenda62@yahoo.com,764.022.4350
Mary,Ramirez,mitchellkenneth@hotmail.com,299-749-4568
Timothy,Mcknight,anna07@gmail.com,310-296-2918x0436
Gerald,Walsh,colemankrista@wu.org,8933863830
Courtney,York,nsavage@mathews.com,(318)995-5098
Cheryl,Merritt,stephencampbell@gmail.com,(729)505-5456x040
Melinda,Richardson,rileyalison@yahoo.com,478-609-4573
Theodore,Clark,ericavaughn@gmail.com,685-592-8051x920
Frank,Johnson,acole@hotmail.com,828.207.6449x1079
Robert,Kelly,jennifer56@carroll.com,326-070-3221
Melissa,Webb,janet35@baird-lawson.com,750.622.0081x0824
Briana,Obrien,rlucas@hotmail.com,809-444-4557x1352
Walter,Lawrence,elizabethaguilar@hotmail.com,001-607-149-1190x6258
Madison,Morrison,allenrebecca@hotmail.com,(043)934-7297x6146
Jason,Travis,jenniferlee@gmail.com,184-488-2695x6643
Andrew,Harris,kathleenbaker@miller.net,+1-562-398-2965x17165
William,Jones,gillchelsey@yahoo.com,2349817521
John,Allen,imays@mendoza.org,6352044062
Steven,Green,ashleywoods@hotmail.com,232-606-8652x07562
Stephen,Hanna,catherine69@hotmail.com,(013)323-0902x4563
Marvin,Morris,stephanie96@gmail.com,162.868.5889
James,Griffin,howardjerry@hotmail.com,188.643.8631
Christopher,Castillo,erinrobinson@yahoo.com,001-830-105-6143x0173
Sharon,Simpson,mooretraci@yahoo.com,+1-577-339-6660
Samantha,Martin,colleen34@marks-bailey.com,(471)329-7081x6960
Donald,Rodgers,matthewgreen@reilly.com,425.966.9295
Renee,Thompson,karinasmith@morgan.com,965-921-0473x21307
Jennifer,Beck,andrew45@wolfe.com,001-018-653-6973x548
Andrew,Long,ramirezariel@oliver.com,(200)047-7021x478
John,Downs,cannonjacqueline@gmail.com,380.991.8907
Samantha,Sanchez,rlee@zimmerman.com,845.289.2561x3082
Richard,Salazar,cannonsandra@horton.com,854-453-3465
James,Dennis,douglas23@johnson.com,417-764-0397
Robert,Campbell,dmoore@brown.biz,175-822-7853
Courtney,Long,michaelallison@gmail.com,(033)777-7299
Derek,Jackson,normacasey@hotmail.com,001-642-399-9866
Christopher,Ruiz,jennifer91@cervantes-patel.org,+1-732-702-7039
William,Medina,jonathan13@yahoo.com,+1-367-217-6237
Michelle,Barber,russelltonya@jones.com,001-773-824-7889x260
Alexander,Bell,jefferyjackson@yahoo.com,+1-688-462-6368
Julie,Watson,zfigueroa@yahoo.com,+1-334-434-4796x229
Makayla,Foster,youngtiffany@shea-vega.com,(977)548-4594x437
Tamara,Castillo,josevance@yahoo.com,818.022.9449
Nathan,Smith,christianmelissa@hughes-mathis.com,242.948.5024
Mark,Austin,kristinclayton@burgess-may.com,1759291160
Justin,Boyd,alexis04@hotmail.com,(662)411-8944x15757
Jacob,Hoffman,srios@powell.com,+1-562-618-3176x9396
Jeremy,Duncan,elizabeth42@yahoo.com,001-680-647-2364x11583
David,Jones,jane88@hart-sanchez.org,1655775033
Matthew,Flowers,vhoward@hotmail.com,5696930710
Michael,Day,wrightchristopher@buckley.com,(005)028-4489
Deborah,Nguyen,christophergarrett@yahoo.com,001-601-463-4436x27118
Karen,Turner,gregory65@hotmail.com,+1-866-092-5152x304
Andrew,Garza,cunninghamashley@goodwin.com,531-343-6982x3016
Michael,Conway,vcaldwell@gmail.com,824-469-9808x971
Sarah,Schneider,marygonzalez@yahoo.com,722-021-5370
Dorothy,Logan,gomezanthony@jones.com,544-849-9824x176
Laura,Graham,logan30@adams.info,286.156.2625x58030
Ruben,Brown,dawnblankenship@garcia-gilmore.biz,311-531-2082x6997
Alexander,Peterson,bschmidt@hotmail.com,001-397-298-5262x969
Christopher,Floyd,andrew55@yahoo.com,653.728.1517x1554
Edward,Palmer,orozcomaria@gmail.com,646-558-6046x748
Keith,Kennedy,mking@gmail.com,751-249-1817
Ashley,May,simonsandra@gmail.com,999.405.8669x776
Stephen,Freeman,danielle18@estrada-freeman.biz,410-415-7220x888
Jeff,Martinez,sallyhoffman@yahoo.com,845-445-0867x61985
Tammy,Park,deborahwilliams@dixon-evans.org,1211725937
Sherry,Brown,amoran@garner.org,650-271-4950x951
Mary,Mendoza,chambersjohn@pierce.com,619-468-7638x4676
Michele,Ferrell,matthew50@hotmail.com,001-248-735-4048x5154
Donna,Day,jennifertodd@gmail.com,001-120-403-4904x656
Haley,Zimmerman,angelaroy@hotmail.com,(682)298-8043x934
Kevin,Franklin,gregory33@gmail.com,+1-474-202-7931x70930
Audrey,Smith,bradley00@gmail.com,698-140-1938x8927
David,Barnes,alexandrathomas@yahoo.com,796-980-2609x7506
Rachel,Schmidt,brian64@good-roberts.biz,001-535-310-0067x931
David,Davis,udalton@walker.com,395.549.5995
Brian,Jones,pwilson@griffin-small.org,(834)819-2052x2071
Emily,Craig,rrivera@gmail.com,866-668-4333x6883
James,Robbins,mbeck@adkins.com,531.302.5206
Nicholas,Walls,ayalaadam@hotmail.com,(549)204-4564x299
Amy,Johnson,davisdale@oliver-pena.com,996-048-2542x1991
Jennifer,Hall,waltersnathaniel@yahoo.com,527.961.5200x8223
Michael,Johnson,nancywhite@rivera-huff.com,+1-999-640-4155
Wanda,Mclaughlin,bradleykelly@reese-ellison.org,5288417860
Theresa,Nixon,ashleyatkins@brooks.com,953.347.4692x256
Allison,Martinez,hyoung@yahoo.com,001-581-422-5491
Virginia,Moore,mvega@blair.info,+1-048-524-7421x1204
Gary,Calderon,jacksonmary@hotmail.com,+1-219-928-9598x84811
Andrea,Clark,hpham@yahoo.com,001-982-746-9419x31626
Amanda,Alvarez,timothylopez@mcclain.com,060-374-3215x4311
Ricky,Curry,awilkerson@gaines.com,9681017565
Wendy,Sherman,brianjones@bell.com,(555)843-9555
Kristin,Smith,mmiller@ramos.com,+1-527-562-2946x92371
Scott,Thompson,curryangel@mercado-powers.com,001-986-122-7780
Kathleen,Brady,kyang@wang.com,(755)659-4866
Mark,Gonzalez,wagnereric@hotmail.com,+1-233-744-4839x3801
Tiffany,Meza,bradleyhooper@gmail.com,+1-997-253-7650x7561
Michael,Conway,christine51@ortiz-dixon.com,(684)492-6365x800
Denise,Scott,davismatthew@gmail.com,(560)847-6032x423
Daniel,Hall,jason84@jennings.com,1344596586
Anthony,Lara,fosterashley@hotmail.com,778.581.7711x2823
Robert,Miller,daniel97@rogers-montgomery.info,+1-769-006-0407
Kristen,Rogers,pnash@norris.com,145-802-9396
John,Dickerson,boyerbradley@gmail.com,(437)894-0685x51362
Taylor,Madden,rdelgado@wall-robinson.info,001-591-547-7757x73847
Jesse,Francis,hpayne@clark-morales.com,629-458-9849x0369
Shelby,Espinoza,wdavis@gmail.com,3785968484
Bobby,Potter,pgibbs@wilson.com,244-575-1394x71671
Melanie,Johnson,careyveronica@gmail.com,+1-565-580-5431x515
Douglas,Gay,tracyreese@campbell-short.org,001-420-881-6693x873
Nicholas,Watson,hhoward@hotmail.com,938-799-9394x323
Matthew,Rogers,howardmelanie@miller-roberts.org,+1-572-567-5689x032
Marcus,Hill,hchandler@massey.com,577-415-3330x84444
Michael,Payne,bradleyjones@hotmail.com,0013678917
Debra,Miller,molly15@santiago.org,001-477-840-1651
Lauren,Anderson,rosskenneth@prince.com,343-112-8675x6524
Kristine,Vasquez,carterapril@yahoo.com,001-230-511-9756
Lucas,Aguilar,jennifermedina@yahoo.com,905.767.1673
Lori,Patterson,asnyder@wells.com,745-611-3604
Robert,Torres,mcbridemark@roberts-griffin.com,642.802.8471x410
Brenda,Nelson,connorrojas@hotmail.com,020.893.1907x88212
Patrick,Smith,johnsonedward@cannon-king.info,928.391.8756x7994
Rachel,Davis,rmann@webster.com,517-155-6457
Laura,Robertson,michele01@yahoo.com,476-774-7567x4193
Joseph,Johnson,deanna01@gmail.com,001-603-811-1324x854
Johnny,Rodgers,padilladavid@yahoo.com,001-477-834-4708x34906
Dorothy,Marshall,gsanders@gmail.com,622-958-8562x881
Michelle,Harper,dgarcia@dixon.com,001-258-799-5137x592
Mary,Wang,andersondiana@greene-fox.com,001-635-596-9320x55652
Madison,Davis,paulramirez@gmail.com,354.199.5584
Tyrone,Frye,clarkpaul@savage-bennett.com,(999)590-3165
Kyle,Gutierrez,jmiller@adams-yoder.com,913.384.7855
Michael,Thomas,juan71@klein.com,519.750.3561x136
Margaret,Duncan,qbarnes@gmail.com,001-986-443-1251x128
Amber,Burke,myerstracey@hernandez-hartman.com,+1-318-547-1737x6230
Paige,Lyons,xmarquez@allen-ramirez.org,+1-216-869-7904x6367
Charles,Butler,emiller@yahoo.com,722.757.8965x928
Steven,Shaffer,matthewmiller@gmail.com,333-302-2553x041
Dennis,Lucas,rgibson@rose.net,001-034-204-6053
Lisa,Daniel,tnixon@yahoo.com,001-890-413-7066x45354
Nathan,Franco,christopherstone@cox.com,(786)849-0130x08128
Elizabeth,Abbott,joshuajones@hotmail.com,327.959.6808x38703
Walter,Leonard,wendy64@yahoo.com,975-483-6223
David,Glenn,taylordaniel@gmail.com,464.187.8197
Kelly,Fox,sparkssusan@gmail.com,365-470-1607x5042
David,Rivera,barrrobert@christensen-rodriguez.com,+1-097-712-5128x759
Betty,Guerrero,brenda60@yahoo.com,965.713.7390x6843
David,Wolfe,smithdeborah@gmail.com,001-641-590-1127x82127
Mark,Rogers,joshua63@martin.org,001-443-026-3664x04397
Lynn,Harris,owhite@gmail.com,001-012-548-0178x83921
James,Wang,gomezjames@yahoo.com,377-941-7001
David,Smith,armstrongmelissa@cunningham.com,424.369.4426x89730
Ryan,Owens,bradleywillis@hotmail.com,240.306.6682x9414
Sara,Cooke,paulawong@gmail.com,(659)655-9572x317
Rodney,Jackson,christopher65@mann.org,578.523.1646x97583
Deborah,Johnson,nbrown@hotmail.com,437-960-5710
Amber,Cox,vrosales@nelson.com,(170)559-3187
Lee,Garza,laurierogers@smith-graves.net,643-836-8613
Darrell,Castillo,michaelbrian@hotmail.com,912.466.4830
Shelley,Allen,jjohnson@medina.biz,(554)952-4689x2907
Emily,Santiago,debra40@walker-calhoun.com,+1-497-885-4522
Daniel,Fields,alexalane@gmail.com,001-374-804-6961x8120
Daniel,Fuentes,laurielee@hotmail.com,+1-062-438-7194x4526
Angela,Dickerson,gregoryhutchinson@johnson-young.com,(422)865-4688x32814
Debra,Rogers,cherylbryan@park-martinez.info,509-453-9142
Sara,White,christine40@yahoo.com,+1-823-465-6199x4469
Jessica,Anderson,gjoseph@rodgers-price.net,5774665389
Chris,Evans,joshuasanchez@hotmail.com,235.008.3493
Candace,Gonzales,andreaallen@hotmail.com,7902096249
Susan,Foley,josephbrown@morgan-rivera.org,+1-611-946-7695x01722
Tara,Orozco,amandamartin@hotmail.com,765.214.7144
Sean,Smith,charlesclark@hotmail.com,6664509938
Matthew,Ward,christianjose@yahoo.com,(736)582-4844x8442
George,Martinez,johnsonjulie@gmail.com,(019)773-5452x7215
James,Brown,fgilbert@curtis-lewis.com,+1-648-933-4897x613
Rachel,Williams,kingedwin@rasmussen-carter.com,425-749-9279x449
Troy,Martin,jbates@miller.org,822-936-6268
Tiffany,Kelly,wolfebrandy@yahoo.com,(554)136-5616x084
Kelly,Flores,davidkelley@gmail.com,766.197.5981x074
Nicole,Porter,amandaweber@little.com,+1-229-926-6244x617
Nathan,Peterson,mcmahonjoshua@gmail.com,906.566.8609x6883
Dillon,Mitchell,andreaday@chapman-ross.net,334.032.4930
Kimberly,Tucker,donna18@martin.net,(123)462-4316x8462
Christine,Moses,cruzjeffery@sanchez.biz,+1-445-396-1648x513
Jessica,Le,cberg@yahoo.com,170-278-6255x5822
Carlos,Baker,tperez@gmail.com,001-591-132-1958x236
Judy,Greene,annjohnson@hotmail.com,001-134-788-1165x91447
Andrew,Osborne,carrluis@gmail.com,(481)315-9985x94891
Jennifer,Gonzalez,christopherjenkins@yahoo.com,(695)319-4842x69006
Casey,Johnson,anna95@bell.com,001-033-116-5276x55053
Ashley,Montgomery,theresa92@hotmail.com,+1-124-863-5105x53828
Daniel,Harris,catherinebarry@hotmail.com,075.208.2389x48478
Michael,Freeman,andersonlindsay@hotmail.com,(923)954-9729x343
Michelle,Jefferson,colliermarcus@yahoo.com,369.608.3852x7006
Julie,Flores,aaronweaver@hotmail.com,(477)894-6890x086
Leonard,Malone,chambersjoseph@gmail.com,001-515-841-6622
Ricardo,Fleming,danielle81@hotmail.com,(849)731-5067x8173
Andre,Fields,benjamin60@armstrong-jackson.net,587-019-8943x328
Robert,Gonzalez,heather84@cruz-moss.org,+1-497-063-8220x52072
Ronald,Conrad,zhodges@yahoo.com,(162)155-7558
Joseph,Davis,bmatthews@hotmail.com,+1-907-118-9660
Shane,Moore,larry69@nash.com,(084)399-3566x585
Craig,Dunn,jenkinsgavin@hotmail.com,890-374-2615x73004
Gary,Vaughn,hernandezjenna@orozco.net,774.255.4129
Samuel,Winters,dawn52@taylor.net,+1-048-919-0381x0990
Michael,Taylor,robertroberts@gmail.com,(133)468-1492
Rebecca,Rodriguez,melanieflores@sharp.org,4236251463
Leonard,English,charles27@pham-andersen.org,771-436-6527
Stacy,Rios,washingtonjimmy@hanson.com,+1-228-539-9034x75266
Tom,Fuentes,martinezjulie@hotmail.com,+1-817-425-9135x48370
James,Vincent,monica46@yahoo.com,(298)833-6707x641
Sandra,Davis,jonathan41@lee-rodriguez.com,+1-550-904-4491x57892
Bonnie,Boyle,nmoore@yahoo.com,001-550-230-4698
Carol,Spencer,tdyer@yahoo.com,494-202-9890
Matthew,Adams,joseph47@yahoo.com,(010)071-7539x93866
Amy,Ritter,millstara@gmail.com,001-341-871-6505x460
Stephen,Lee,autumn24@hotmail.com,(701)430-7377x94732
Stacy,Smith,dakotaharvey@hotmail.com,265.092.5647x9052
Kevin,Humphrey,bbennett@gmail.com,056-880-2608x72948
Jessica,Ballard,davisbianca@yahoo.com,149-514-1672
Sabrina,Abbott,michelle59@hotmail.com,061-215-4070x490
Renee,Buck,cynthiamontoya@gmail.com,+1-885-344-4226
Michelle,Hopkins,dstevenson@gmail.com,+1-461-611-1732x0462
Mark,Sharp,teresa76@patterson.com,+1-054-029-2319
Brad,Norris,carmenchan@gmail.com,5204705814
Daniel,Mitchell,ajackson@wong-clark.net,+1-179-211-3564x0737
Darrell,Benson,carlaschmidt@cline.biz,(400)099-2342x61274
Walter,Lopez,hartmelissa@yahoo.com,+1-672-588-0917x162
Angela,Johnson,danny06@hill-myers.com,294-619-3916x87158
Julie,Estrada,jonathan14@hotmail.com,798.894.9266x668
John,Stone,kmorgan@hotmail.com,306.372.8889x18550
Melissa,Weeks,elizabeth32@yahoo.com,3459206786
Heather,Ballard,kristine44@yahoo.com,287-393-6035x543
Mark,Eaton,michaelfrost@williams.com,243.323.5687
Jonathan,Bradshaw,bowmandonald@gmail.com,001-282-242-4136x488
Daniel,Lee,santiagomichelle@johnson.com,986-819-2656x18275
Stacy,Blackburn,sarahgarcia@hotmail.com,7483525362
Nicole,Ritter,kevin79@wilkins.info,698.851.0559x7540
Eric,Curtis,rosssandra@carter.com,298-065-1646x404
Clinton,Barker,williamsrobin@yahoo.com,281-172-7611x674
Andrea,Donaldson,spayne@yahoo.com,3642114443
Paul,Garcia,nadams@hotmail.com,001-196-987-4145x12901
Paula,Gillespie,alexanderthompson@gmail.com,059-135-2421x87013
Shelby,Douglas,craiggray@gmail.com,739-284-0900
Margaret,Ross,sjones@hotmail.com,(576)209-0459x7126
Anthony,Brewer,sullivandenise@williams.info,(250)976-6893
Eugene,Zimmerman,dawn14@cisneros.com,+1-128-676-9974x991
Mary,Stark,john47@beard.com,001-961-348-3846x9834
Christina,Becker,thomasjuan@miller.com,(709)749-3970
Vincent,Wise,nathan51@mendez.com,129-038-7830
Steven,Bauer,bcastillo@rollins.com,003-463-7932
Daniel,Ramirez,samantha25@yahoo.com,558-671-8109x8991
Nicole,Alvarez,howardmadeline@gmail.com,+1-376-969-8723x7975
Cassandra,Wilson,hoffmanlori@perry.com,+1-658-338-4717
Danielle,Henry,jthomas@garcia-wade.biz,(429)154-4145x2196
Leslie,Larson,sandra23@carr.com,+1-675-963-1007x1901
Deanna,Owen,cramirez@hotmail.com,592-076-5042
Ian,Powell,chasehutchinson@romero-harrington.info,(098)753-7642
William,Wilkins,christina28@nichols.com,+1-953-128-7561x31670
Kevin,Archer,davidpotts@yahoo.com,+1-378-481-3647x83833
Wendy,Figueroa,zkelly@hotmail.com,001-691-247-9687x626
Krystal,Maynard,beth38@gmail.com,001-516-613-0500x9126
Tony,Robinson,leroyali@andrews-dunlap.info,1499811979
Tina,Kelley,monicawilliams@yahoo.com,+1-895-752-5640x81345
Jessica,Rodriguez,jackandrews@hotmail.com,6893923312
Heather,Williams,davidfrench@dodson-smith.biz,896-010-1869
Timothy,Dalton,josewheeler@yahoo.com,+1-403-764-1280x228
Brad,Aguilar,kirkjoshua@simmons.org,831.620.2015
Dana,French,ecook@hotmail.com,(336)654-7827
Jennifer,Walters,becky19@rivas-collins.biz,144-435-7818x52618
Kathleen,Good,zwalker@gmail.com,956.653.2239x13675
Alan,Wade,wrosales@gmail.com,(821)496-9499x53100
Meagan,Hess,mirandapham@yahoo.com,+1-893-075-4649x866
Ryan,Smith,callison@gmail.com,886-848-5654x1366
Amy,Smith,brichards@olson.com,221-601-0082
Brian,Santos,scottdelgado@white.com,(522)006-2696
Troy,Mccormick,lisa37@yahoo.com,022-199-5654
Kathy,Hood,gibsonjeremy@stevenson.com,001-803-614-4779x54541
Daniel,Knox,stephensonjames@gmail.com,351.542.1837
Erin,Brown,fraziercraig@martinez-evans.net,001-567-054-3979
Nathaniel,Chambers,yorkelijah@martin.info,232.732.7052
Devin,Delgado,corythompson@wang-jones.biz,544-304-4705x5422
Melanie,Williams,vbailey@yahoo.com,(845)763-0502
Sarah,Williams,adrian02@yahoo.com,+1-620-726-3210
Ethan,Turner,mendezamy@smith.com,001-411-960-1389x2776
Elaine,Alvarez,adrienneromero@gonzales.com,001-346-427-3779x33747
Mark,Mullins,lramsey@reeves.com,020-925-4739
Michael,Jenkins,megan56@jones.com,9694529537
Lisa,Spencer,joseph91@king.com,+1-941-201-3056x760
Steven,Mosley,jeffrey10@sutton-conley.com,348-279-7678x401
Christina,Mays,jamescarpenter@king-mcdonald.com,001-215-361-4003x1517
John,Smith,davispeter@gmail.com,001-099-191-8405
Aaron,Smith,timothycarney@gonzalez.com,159-331-6318
Crystal,Wood,rossdeanna@gmail.com,4645983080
Evelyn,Giles,gardnerrobert@lee.info,021.289.1306
Abigail,Cole,mary73@hotmail.com,1909774323
Christopher,Goodwin,pwalker@butler-becker.info,606.176.8180
James,Mcdaniel,gbryant@yahoo.com,260.516.6472
Jennifer,Hays,chall@hotmail.com,001-169-079-3353x8013
Kiara,Davis,ihebert@acosta.com,(711)745-7776x720
Heidi,Stephens,carrie25@yahoo.com,(077)167-8510x65567
Richard,Hawkins,gshaffer@hotmail.com,884.866.3864x723
Jose,Flores,schaeferjason@hotmail.com,(178)681-1834x432
Bryan,Davis,pmartin@garcia-cox.com,001-400-774-7449x35629
Gregory,Frost,kennethmcguire@gmail.com,769-812-0806
Jennifer,Rojas,micheal84@ramirez-bradley.com,001-303-485-2584x098
Kathleen,Collins,uhicks@copeland-roberson.com,+1-172-282-9329
Emma,Collins,amber12@smith-patterson.com,(433)710-1257x4822
Susan,Martin,derricksimmons@anderson.com,001-366-436-1991x56865
Annette,Edwards,esparzadawn@hotmail.com,001-794-424-2846
Joseph,Tate,kristinwilson@gmail.com,(151)426-3152
Katherine,Reyes,leeperry@cantu.com,531-342-2325x331
Joshua,Wu,rebecca59@lin-murphy.org,049-163-8710x99729
Michael,Flynn,alvarezantonio@gmail.com,(050)614-6441x8632
Kimberly,Rubio,vwest@riley.com,(775)175-2092
Marcus,Stewart,hughesjulie@gmail.com,(226)907-2785
Nicholas,Abbott,zrobinson@yahoo.com,996.587.7896
Stephen,Mclaughlin,maria30@harmon.info,+1-815-052-7395x589
Jacqueline,Moran,wigginsmary@nelson-morris.org,558.844.5202x670
Shaun,Anderson,gevans@smith-lloyd.com,(820)167-7919x269
Emily,Scott,barbarafitzgerald@yahoo.com,083-137-8607
Jason,Floyd,halltracy@smith.com,(478)218-1154
Jason,Allen,eruiz@yahoo.com,+1-483-827-1469
Michael,Baxter,bhill@jordan-rivas.biz,+1-526-688-7883x5128
Ronald,Jackson,teresa55@gmail.com,2754734120
Andrea,Walker,rbaker@parker.biz,001-935-549-6770x0810
Nicholas,Garza,hudsonjay@david.net,116-684-2878x93821
Sharon,Martinez,howardtracy@yahoo.com,001-339-534-1963x15429
Jamie,Johnson,gonzalezdorothy@hotmail.com,(883)513-0207x34540
Edward,Howell,ypark@gmail.com,(389)901-4741
Melissa,Morrow,idavis@johnson-maxwell.com,4186923037
Kelsey,Cook,rpreston@wilkins.com,001-294-286-2134
Kristen,Moon,mooremichael@yahoo.com,(454)709-9255x44142
Barbara,Blankenship,fernandezjames@kaiser.org,+1-405-580-1556
Raymond,Hansen,kylenichols@hotmail.com,667.203.2796x8979
Alice,Barrett,mreeves@hotmail.com,778-516-8317
Brittany,Harris,audrey28@lindsey-holt.info,001-275-469-7892x2297
Kenneth,Velez,crystalmurillo@riggs-jones.info,(040)670-8175
Brendan,Wilson,lramos@hotmail.com,+1-015-453-9567x7161
Amanda,Richardson,gbriggs@gmail.com,772.289.1049
Cassandra,Sanchez,cstokes@simmons.com,+1-324-125-3262x5833
Meredith,Hawkins,chad37@miller.com,801.745.8121
Benjamin,Rose,frazierronald@yahoo.com,+1-854-664-6362x192
John,Lucas,robert14@gmail.com,+1-185-653-7810x5255
Joseph,Garcia,lori90@hotmail.com,834.296.0630x1593
Tammy,Wilson,simmonsryan@smith.com,(515)703-6160x2102
Shannon,Haynes,adaniel@collins.biz,541.688.7977
Andre,Evans,keithhayes@yahoo.com,+1-341-531-5779
Cynthia,Smith,rodneywood@hotmail.com,001-120-975-2335x312
Alexis,Jacobs,tracyzuniga@garcia.com,791.719.8552
Holly,Flores,kristen12@santos.com,001-766-396-0255x62512
Travis,Wilson,jeremyallen@gmail.com,830-304-1928
Christian,Sandoval,ucrawford@yahoo.com,+1-554-141-3086
Shawna,Cain,kevinsanders@barker-branch.org,991.234.3090
Kristen,Morton,beardelizabeth@murray-cain.org,+1-806-405-4830x1484
Ronald,Nielsen,matthewwilliams@myers.biz,+1-545-822-7076
Alan,Grant,gilmorebrian@watson-sutton.com,(209)100-9095
Gina,Mendez,walkerdavid@gmail.com,119.894.1835x566
Michelle,Edwards,jamie68@alvarez-foster.info,+1-927-346-3889x95754
Thomas,Farmer,john09@washington-walker.com,854.539.2241x048
Lee,Wallace,mitchellwiggins@stewart.com,001-581-439-1027x13503
Antonio,Campbell,bryantjanet@hotmail.com,802-245-9681
Rebecca,Green,hannahbeard@yahoo.com,175.448.5527x70219
William,Hernandez,wramsey@yahoo.com,938-665-1851
Kaitlin,Lewis,susangill@gmail.com,490.598.8263
Jennifer,Lang,christopherfranco@silva.com,(030)968-6322
Jennifer,Small,yhiggins@hotmail.com,293.063.7460x9318
Thomas,Rodriguez,vchurch@mckenzie.com,(425)038-2238x422
Jacob,Garcia,johnsonmichael@hotmail.com,760-507-6612x29375
Tricia,Scott,wrollins@phillips-shaw.org,(809)154-8243x3588
Samantha,Hamilton,gwilliams@yahoo.com,7903733337
Michelle,Hale,joseph18@yahoo.com,344.672.5789
Elizabeth,Pratt,eprice@gmail.com,337.069.4010x2743
Kristen,Pratt,rwest@smith.com,407-831-9687x988
Crystal,Levine,garciasean@yahoo.com,+1-164-551-3738
Ryan,Rowe,jonathanmckinney@taylor.org,001-953-230-4442x81203
Cheryl,Hughes,ebuckley@martin.com,+1-136-996-6687x81311
Casey,Long,leahharrison@yahoo.com,+1-661-775-6677x3348
Anna,Garcia,colleenrowe@smith.org,439-726-3688
Kelly,Hodge,jirwin@yahoo.com,807.628.0007
Paul,Hunt,judy21@hotmail.com,+1-190-417-4967x38473
Austin,Miller,darrell97@hotmail.com,+1-614-099-8038
Colleen,Adams,chloecantrell@gmail.com,058-627-2266
Jose,Raymond,tyler45@gmail.com,327.681.6021x37231
Zachary,Nelson,jerome48@gmail.com,(272)062-6495
April,Rodriguez,bryan69@yahoo.com,+1-624-920-6459
Jeremy,Beard,victoria34@fields-smith.info,+1-766-081-1903x371
Lauren,Collins,austin29@robles.com,001-457-565-2464x2657
Keith,Weaver,isuarez@gmail.com,(191)771-6640
Jean,Garcia,probinson@miller-hughes.info,129.763.3891
Troy,Todd,robert70@stewart-brandt.com,5483373892
Robert,Sellers,michaelthomas@gmail.com,015.111.6775x746
Allen,Spence,hardymolly@smith.com,001-264-407-2862x02478
Nancy,Moore,sstephens@gmail.com,001-444-381-8535
Margaret,Perez,stephenwright@hood.com,574.425.4954
Richard,Soto,gregory53@gmail.com,099-080-0278
Kelsey,Watkins,cbrown@austin.info,+1-218-523-8771x680
Chase,Barrett,tandrews@hotmail.com,001-027-831-8792x8956
Steven,Robertson,andrew08@pittman-hill.com,711.350.0178
Mary,Nelson,millsangelica@gmail.com,603.785.1421x6160
Sydney,Wells,rhodesdonald@hotmail.com,323-648-0554x244
Margaret,Parks,robert45@fischer.com,4446525309
Brittany,Mcknight,sherrithomas@hotmail.com,001-217-067-6672x63092
Mike,Smith,cparks@gmail.com,8176029206
Paula,Gill,danderson@love.com,(707)713-0388x999
Kimberly,Jimenez,piercejaime@vazquez.com,610.071.2291x59396
Justin,Hernandez,elizabethharris@yahoo.com,158.673.5225x18268
Jennifer,Taylor,johnsonsusan@hotmail.com,(796)196-1562x790
Aaron,Mcmahon,chorton@fernandez.org,001-463-717-9381x6419
Amber,Jones,rachelwalker@malone.com,(463)326-1235x57425
Daniel,Kennedy,daniellefranklin@boone.com,533-565-7755x102
James,Schultz,hailey34@snow.com,+1-960-497-7951x479
Vanessa,Lee,glenn46@gmail.com,+1-519-688-6106x833
Hunter,Nguyen,hesskimberly@warren-parrish.net,268-440-6293x2172
Michael,Rosario,lauraschneider@gray.com,767-993-2509
Christopher,Adams,angelica06@wilkerson-michael.com,064-692-7904x4269
William,Gaines,mollyreynolds@yahoo.com,541-605-9254
Thomas,Alvarez,morrisluis@duke-fields.biz,4508380927
Alexis,Jackson,ronald30@stone-silva.org,+1-476-440-4820
Justin,Poole,brettjones@boyd.com,065-023-4433x8994
Steven,Harper,shannon76@gmail.com,(564)518-3489x07056
Kelsey,Cameron,eric61@gmail.com,458-779-1958x80955
David,Spencer,watkins@hotmail.com,+1-219-395-1764x441
Chad,Patrick,williamspaul@yahoo.com,459-174-0796x090
Douglas,Hart,obriencody@yahoo.com,+1-261-200-7536x32865
Derek,Price,clarkjonathan@johnston.com,001-719-657-3927x0264
Keith,Rhodes,mcleanrobert@yahoo.com,001-969-734-7213x547
Sean,Heath,davidnorman@hotmail.com,327.506.4031x611
Calvin,Jones,jessejohnson@yahoo.com,1161874228
Emily,Andrade,bushjoshua@hotmail.com,9632668848
Nancy,Young,lpreston@jackson.info,083-224-2826x550
Kevin,Turner,jennifer84@hotmail.com,(533)762-3289x97103
Ashley,Berry,normabailey@yahoo.com,8461839683
Gary,Matthews,dorseymargaret@hotmail.com,188-285-8392
Robert,Taylor,danahernandez@hotmail.com,+1-695-593-5199x87166
James,Nguyen,deannaperry@phelps.org,414-074-3887x7923
Rachel,Navarro,hrichardson@roberson-larson.com,(776)705-2965x75488
Debra,Santos,lorigomez@garcia.com,(926)575-6503x58086
Daniel,Joyce,ryankelley@stevens.com,001-946-006-2289x2372
Anthony,Krueger,alexandertaylor@sims-miller.com,077-126-3624
Miguel,Ferguson,george65@yahoo.com,867.828.5725
Casey,Baker,grahamkatie@johnston.biz,001-507-775-1390
Justin,Alvarado,charlesedwards@young.com,0296207485
Lisa,Taylor,rodney84@molina.biz,285-788-3371x181
Ashley,Holloway,lovevictoria@gmail.com,(873)337-7539x32025
Leslie,Smith,james91@barnes.biz,001-507-919-2888
Scott,Hayes,victor32@gmail.com,293-969-1558
Dawn,Sanders,michellevelasquez@watson-ramsey.biz,001-010-016-0998x3255
Cody,Nolan,johnsongwendolyn@hotmail.com,001-376-724-1810x968
Nancy,Parker,khall@yahoo.com,400.730.3996x842
Carrie,Jones,blake02@gmail.com,(571)706-7389
Kristi,Anderson,dayala@shah-mcknight.net,157-264-7424
Shannon,Wright,james39@thomas.com,001-883-524-2049
Lori,Stevens,scottwillis@jones.net,001-815-011-3237x83227
Derrick,Nelson,dbaldwin@yahoo.com,349-765-2225x96646
Kyle,Foster,david28@nguyen-hoffman.org,542-207-4713x304
Douglas,Porter,ian04@blair.org,776.873.3863
Brooke,Casey,ydavis@hotmail.com,9539794280
Rhonda,King,johnreynolds@garcia-walter.info,+1-764-924-5280x48491
Gina,Taylor,goldenjennifer@schwartz.info,(288)322-5982
Richard,Fox,cassandratorres@yahoo.com,(158)313-6815x02697
Candice,Edwards,linsergio@matthews.com,001-099-040-0730x72500
Paula,Hood,emckinney@cherry.com,+1-448-485-0147x2600
Margaret,West,arobinson@williams.com,(042)014-2720x3775
David,George,rmoran@irwin.com,617-798-5451x578
Matthew,Campbell,ihall@reynolds.net,861.913.7679
Paul,Humphrey,garrettdouglas@garcia.com,+1-891-907-0443
Douglas,Anderson,nicholaswilliams@adams.com,001-127-831-3055x512
Carla,Young,philliprobbins@wells-oconnor.info,008-836-8291x083
David,Duncan,rcruz@hansen-davis.org,967-252-5258x3837
William,Merritt,daniellehunter@gmail.com,001-799-155-4187x6468
Ashley,Jackson,kyle60@hotmail.com,(954)942-0888
Lucas,Goodman,waynehughes@hotmail.com,+1-329-318-7676x0899
Kayla,Price,russellkaren@brock.com,(561)753-8166x2362
Steven,Moreno,danielpatterson@gmail.com,(475)232-9304x4335
James,Mcbride,wheelerbrandon@gmail.com,+1-837-536-0919x7704
James,Miller,hbrock@ashley.com,482.700.8168x538
Robin,Dawson,abigailmartinez@terrell-graham.biz,(879)612-0254x02546
Angel,Rich,brooke65@campbell-garrett.com,(569)092-7169
Maria,Webster,ryangutierrez@miller-patel.org,(726)413-1521x0685
Colleen,Gibson,leemary@vaughn.info,(125)856-9566
Joshua,Taylor,jennifer86@scott.com,(479)793-3397x8852
James,Scott,edward20@gmail.com,+1-219-761-2654x881
Alexa,Edwards,brenda87@hotmail.com,+1-815-330-4906x981
Megan,Pennington,kaitlynblack@yahoo.com,509-790-1594x52784
Antonio,Bowen,alfred94@brock-mccarthy.com,786-370-4062x00394
Brianna,Bright,robert78@ray.com,(686)009-3225x4627
Lisa,Hunter,zbradshaw@robbins-dyer.com,(273)228-0320x03066
Sarah,Faulkner,zacharyschwartz@carter.com,649-890-8858x63988
David,Cain,sjensen@yahoo.com,001-926-527-7961x245
Alexander,Miller,knightnathan@hotmail.com,001-692-810-2159
Amanda,Wood,elizabethharrison@woods.com,001-868-229-4344x749
Tammy,Stone,martinezcody@gmail.com,(475)353-0743x8528
Harry,Wheeler,swilson@cox.com,263.890.6009x41937
David,Mack,robert42@yahoo.com,(213)256-2008x927
Amanda,Brown,jeremiahaguilar@gmail.com,402-028-7851
Stacy,Chambers,david77@fuller.com,041-388-0212x54009
Christina,Woodard,amberfloyd@gmail.com,+1-333-005-4354x2401
Chad,Hernandez,brownamy@williamson.biz,534-049-3348
Brandon,Henry,vhuang@gmail.com,3761313592
Steven,Hernandez,alisha58@hotmail.com,+1-765-915-4755
Steven,Smith,matthewwest@gmail.com,001-215-636-2341x7735
Hannah,Turner,cmartin@hotmail.com,+1-422-874-6272x4114
Jeremy,Wilson,john61@juarez-stevens.com,084.473.1336x22436
Johnny,Reed,melissa98@hotmail.com,870.391.4869x52945
Alfred,Escobar,haley81@hotmail.com,+1-576-467-7579x22956
Austin,Wood,amyhenderson@gmail.com,001-963-191-5503x73918
Alexander,Blair,randy72@gmail.com,482.715.6078x11249
Carolyn,Davis,nsmith@yahoo.com,275-476-0709
Jennifer,Wood,hendrixchad@gmail.com,001-567-470-9064x06922
Kevin,Richardson,timothydecker@yahoo.com,391.184.2350
Rachel,Massey,gilbertrichard@jarvis.info,001-654-158-2221x16023
Julie,Price,richardsavage@gmail.com,4233662614
Erin,Cisneros,anthony18@russell.biz,001-785-219-0215x393
James,Rice,acastro@hotmail.com,905-470-1730
Megan,Robertson,melissamathis@hunt.com,+1-368-670-3789x859
Amber,Mason,delacruzpaul@gmail.com,(608)513-4464x20873
Jessica,Morales,bonillagerald@lee.info,(074)059-8042x578
Joseph,Porter,noahhouse@yahoo.com,001-048-904-5263
Robert,Hayes,vewing@yahoo.com,759.732.4765
Cheryl,Jones,evansjohn@hotmail.com,650-668-7278
Kevin,Nguyen,gkim@simmons-adams.com,001-518-546-8344x385
Michael,Terry,brandongutierrez@wright.com,(947)017-8115
Tammy,Wall,david71@ward-quinn.com,+1-169-507-2267x261
Joy,Reed,paulahanson@hotmail.com,892-192-0931
Michael,Wood,greenemelissa@yahoo.com,+1-251-681-1523
James,Li,joshua70@berry.com,109.657.9151
Anna,Marquez,vrussell@hotmail.com,(389)152-5991
Melissa,Murray,mriley@yahoo.com,500.434.5823
Samantha,Jordan,kristenconrad@bennett.com,(862)444-7530
Antonio,Noble,kristinpham@george.com,(926)224-3577x05829
Isaac,Myers,jessicavilla@reed.org,7985749193
Justin,Nelson,lkelly@montgomery.biz,525-623-5054x418
Robert,Garcia,cherylbrock@hotmail.com,(989)983-2250x1134
Gabriel,Hernandez,danielcantu@stein.org,529.378.3073
Jonathan,Dixon,nwhite@meyers.com,(337)758-0279
Raymond,Gilbert,wgriffin@gmail.com,001-166-269-7989x28601
Sherry,Avila,taylorrice@schaefer.biz,001-616-855-8426x6642
Laura,Hernandez,salazarjames@hotmail.com,+1-584-552-2783x8055
Angela,Murphy,reyesheather@gmail.com,(793)899-7451
Abigail,May,amy64@gmail.com,+1-659-374-3474x34941
Jennifer,Liu,vanessabowers@knight-morton.com,001-427-917-5099x083
Sarah,Middleton,qtaylor@yahoo.com,8216792334
Travis,Sims,paulrivera@ward-clay.com,2847612237
Lance,Cunningham,maria65@townsend.com,0585466383
Brandi,Patton,emaldonado@hotmail.com,717.355.1547x9926
Linda,Warren,scott22@ramirez.org,152-641-1296x354
Jaclyn,Cannon,shelbygomez@hunt.com,6269598907
Sara,Clark,tanthony@wolf.org,(479)857-6630
Nicole,Lane,kevinlewis@ramirez.biz,001-208-997-4855x35319
Maria,Hill,debbie59@contreras-myers.org,(184)857-6301
Dawn,Phillips,tanyawilson@yahoo.com,258.285.3188
Steven,Owens,joshua50@santiago-todd.com,+1-965-182-9348
Michael,Chavez,whiterobin@yahoo.com,001-175-763-1465
Kevin,Sullivan,williamfernandez@spencer.com,(264)521-6919x762
Anne,Marshall,ericksonalexander@hunter-clayton.net,(899)714-5857x36746
Jessica,Smith,hodgesdavid@gmail.com,483-861-8292x64185
Casey,Campos,olsoncindy@martinez.com,(683)096-0371x7542
Brooke,Savage,timothybrown@thompson-hunt.info,3646661958
John,Floyd,robertskristi@gmail.com,001-655-935-7181x3289
Shane,Johnson,kayla93@hotmail.com,(406)716-4079x33472
Joy,Martin,bergjohn@kim.net,+1-496-734-8086x224
Colleen,Brown,xtownsend@jordan-wheeler.com,169-877-2771x5766
Michael,Ramirez,stevenwells@melendez.com,001-192-676-0344x31456
Derek,Scott,michaelwilson@yahoo.com,001-985-888-2015x990
Andrea,Adams,hernandezmichael@hotmail.com,+1-760-158-1113
Alexander,Vargas,johnsonkarina@stevens-harrison.org,+1-254-804-3463x924
Bethany,Poole,padams@johnson.com,(251)248-9820x946
Jeffrey,Green,kelly91@gmail.com,596-435-6899x86854
Mary,Mcgrath,aaronstone@mack-mccall.com,+1-569-371-6407x853
Rick,Smith,amy88@gmail.com,649-524-2175x76923
Kenneth,Johnson,pjimenez@bautista.com,001-432-646-0170x95512
Tyler,Boyle,ftaylor@hawkins.net,001-904-149-4171x822
Pamela,Terry,jimmybishop@hotmail.com,(124)880-8808
Jennifer,Howard,stephanie20@gmail.com,001-553-862-5742
Jennifer,Cameron,swilliams@vance.info,+1-229-513-2619
Laura,Wilson,pgeorge@gmail.com,253.669.7621x4681
Andrew,Barrera,ierickson@snyder.com,515-123-9794x5272
Tammy,Dickerson,bullocksteven@mclaughlin-whitehead.biz,671.076.5668x80863
Jason,Leonard,sandra94@hotmail.com,(381)606-7831x984
Melanie,Knight,kelsey98@hotmail.com,399-956-4151x427
Jennifer,Phillips,scottchristopher@hotmail.com,211.506.0940x0937
Lee,Allen,allenmichelle@chen-cox.net,078.003.1735x97399
Catherine,Clark,wellschristine@yahoo.com,+1-119-142-2780x20083
Sandra,Allen,wnewman@hotmail.com,+1-091-150-2590x588
Christopher,Holt,justin00@yahoo.com,+1-874-348-3351x536
Jennifer,Downs,josephhayes@fox.com,+1-600-631-1131
Eric,Morris,dale60@gmail.com,802.758.0050x244
Danielle,Rose,christopherdavis@yahoo.com,504-685-2161x78946
Alan,Mckinney,gutierrezmatthew@hotmail.com,(597)812-7730x12412
Christina,Hall,robertparker@hotmail.com,3414216092
Kristen,Carpenter,zcarter@ramirez.info,8904418330
David,Johnston,garymartin@yahoo.com,352-481-1700
Debbie,Jacobson,monicabaker@clark.info,+1-569-901-8964x86929
Katherine,Mitchell,robertrobinson@carpenter-brown.com,7219901968
Edward,Horne,marthamorgan@fleming.net,001-007-774-7424
Sandra,Mullins,zachary92@bauer-medina.net,(305)509-3452
Jacqueline,Myers,jonathanhenry@hotmail.com,599.538.9679x268
Samantha,Hoover,allison59@hotmail.com,(830)951-1049x031
Mary,Khan,smithbrittany@yahoo.com,872-230-7880x27640
Erica,Poole,campbelljoe@gmail.com,(481)390-5968x903
Brittany,Rodriguez,scombs@lowe-lopez.com,+1-896-978-4255x161
John,Brown,jonessierra@gmail.com,+1-334-648-0316x6069
Megan,Grimes,nicole97@palmer.net,+1-900-678-3580x28418
Eric,Wilson,arangel@gordon-smith.com,206-573-1176x89083
Michael,Zimmerman,vcampbell@gmail.com,+1-118-519-3156
Richard,Lopez,madison56@ponce-walker.com,0073600636
Lisa,Parker,paul05@yahoo.com,845-331-1212
Amber,Payne,martinroberts@gmail.com,001-508-471-4961x84305
Steven,Thomas,rbarber@gmail.com,034.637.4806x2928
Nicole,Fisher,chelseaking@meadows-barry.org,+1-322-222-6784x5544
Heather,Reed,zhardy@yahoo.com,(664)919-0861
Carmen,Lynch,owenskatie@yahoo.com,394-137-4675x8655
Danielle,Johnson,hannahponce@simpson.com,039.729.4541
Kelly,Ross,simmonsmatthew@hotmail.com,979-027-2394x542
Ann,Lyons,kaylee64@gmail.com,001-855-169-2300x58945
Rachel,Jones,michellebarker@gmail.com,(881)292-6976
James,Clark,gouldrhonda@yahoo.com,(755)255-9923
Timothy,Yang,sarah68@daugherty.com,001-432-198-5335x43155
Robin,Henson,jonathanhood@gmail.com,3850208557
Daniel,Le,currypatrick@stewart.org,777-402-7267x93141
Sonya,Lee,nicole29@garcia-anderson.com,726.544.0921
Joseph,Johnson,raymond85@hotmail.com,(922)650-8311x129
Terri,Ferrell,unichols@macdonald-thomas.biz,001-620-587-7821x8074
Kimberly,Fernandez,holiver@gmail.com,152-510-1187
Jennifer,Brown,maryvaldez@white.com,691.329.9838
Samantha,Schultz,kenneth95@yahoo.com,5188048378
Jacob,Lozano,sjefferson@simmons-ramirez.biz,+1-205-019-1513x9060
Mitchell,Young,yjordan@davis-smith.com,691.057.3234x0172
Daniel,Johnson,williambaker@yahoo.com,051-983-2466x991
Elizabeth,Cooper,brady07@gmail.com,001-533-184-7343x912
Stephanie,Jackson,vle@weiss-fleming.org,001-331-585-5856x49367
Tanner,Johnson,jacobbaker@brown.info,+1-590-222-0670x0099
Cassandra,Martinez,colemandaniel@english.net,494-330-2685x16445
Angela,Martin,heather98@lin.com,(260)893-3959x05824
Heather,Gill,ygraves@johnson.com,001-626-261-3224x6697
Kelsey,Bartlett,lmason@marshall-norris.com,+1-291-885-5574x972
Cynthia,Eaton,katherine34@villegas-mclaughlin.com,(959)225-5101x73430
Cory,Hart,justinwilliams@hotmail.com,8803789259
Sydney,Smith,strongbrandy@ellis-martin.com,001-487-043-9619x9874
Amy,Mckinney,david49@cole.org,438-470-6823
Carolyn,Brown,jeffreyrios@yahoo.com,001-540-219-6713x06032
Denise,Roberts,eaustin@douglas-meyer.com,(876)323-7748
Trevor,Michael,ann88@johnson-williams.com,125.248.0213
Kelly,Parker,amanda02@kerr-collins.com,445.932.3033
Nancy,Paul,bgarcia@gmail.com,499-295-3306x052
Jorge,Ingram,swansondavid@yahoo.com,+1-552-684-8365x91947
Brandy,Frederick,gravesjulie@costa.com,0002842780
Christopher,Collier,timothystanley@yahoo.com,001-007-066-6480
Travis,Coffey,judydiaz@gmail.com,221-014-3821
Chelsea,Gray,jessica81@campbell-smith.net,+1-715-954-0117x09278
Cody,Wilson,calvinbooker@lewis-rogers.org,407-095-8753
Robert,Snyder,williamsmichael@gmail.com,001-581-178-9245x8381
Heather,Thomas,christopher47@williams.com,001-723-568-4078
Ashley,White,michellebryant@yahoo.com,001-311-675-2562x95204
Jeremy,Blankenship,stacy70@hotmail.com,821-638-9959
Ashley,Kelley,kbullock@martinez.biz,(871)529-3776
Jennifer,Robles,utorres@brown.org,+1-874-871-3378x7231
Tammy,James,kellynash@gmail.com,534.109.1658
April,Best,charles38@hotmail.com,580-068-0547x2189
Gary,Vaughan,josephbates@jefferson-roberts.org,103.820.4692x85092
Nancy,Jimenez,flopez@reed-davidson.com,404.429.0354x9895
Mark,Norris,yallen@hotmail.com,(572)161-3337x643
Jackson,Maldonado,heatherbird@wagner.com,+1-457-724-0288
Jason,Torres,jeffrey46@gmail.com,5639153844
Jennifer,Sanchez,qcunningham@powell.com,057.919.7695x30014
Scott,Harris,jamesfloyd@hotmail.com,9973110328
Brenda,Snyder,moralesangela@hotmail.com,(570)061-0279x271
Dana,Ryan,zmayo@powers.com,(507)478-6311
Bobby,Mason,wellstracy@williams-king.com,+1-549-273-4918x01082
Elijah,Fleming,ibrown@gmail.com,(678)149-1170x94831
Peggy,Johnson,joycemartinez@stewart-cannon.net,(848)397-8569
Jeffrey,Smith,andrewblevins@hotmail.com,731.801.7449
Carol,Cook,torreskathryn@hotmail.com,+1-497-408-6926x598
Julie,Brown,diana24@sanchez-lyons.com,354.562.2194
Brooke,Zimmerman,derrick24@wilson.com,908.316.5848x6594
Joseph,Erickson,danielmiller@ewing.net,+1-194-293-1636x16454
Jenny,Perry,moorejulie@yahoo.com,239-770-0580x6938
Scott,Williams,kellyanita@yahoo.com,001-010-649-6103
Wendy,Wright,arthur39@hotmail.com,(500)281-9991x1993
Krystal,Coleman,christianbarnes@gmail.com,001-350-702-0428x41964
Brittany,Mendez,whitevincent@yahoo.com,529-080-5876
Mary,Reed,ronalddickerson@gmail.com,678-319-2479x26879
Sandra,Fitzgerald,aaronmitchell@nicholson.org,+1-313-002-4851x136
Megan,Gilbert,caseylee@yahoo.com,(879)446-0839x407
Elizabeth,Quinn,maria03@hartman-wilson.biz,525.520.6884x258
Jonathan,Hall,william65@hotmail.com,2411209659
Anthony,Howard,trevor19@castaneda.net,+1-699-956-0270x21072
Sarah,Manning,williammorales@arroyo.net,907.162.3448x7029
Miguel,Wu,rmiller@hotmail.com,246.939.6311x7387
Richard,Osborne,beasleyanthony@elliott.com,590-553-9622x95419
Kenneth,Jacobs,donald94@turner.com,(853)393-3339x36456
Amy,Miller,timothyflores@yahoo.com,378.860.6245x943
Michael,Shannon,james86@schneider.net,7562889362
Meghan,Fernandez,uhunter@yahoo.com,879.566.8779x52228
Jennifer,Donovan,ronniesmith@whitaker.com,+1-080-795-3056x747
Valerie,Day,kmcclure@gmail.com,001-686-751-9866x11015
Doris,Mann,kim85@carter.com,+1-550-602-4978
Wanda,Bryant,cookjose@gmail.com,270.865.2954x5033
Raymond,Hudson,nancy53@gmail.com,590.596.8286x77889
Lisa,Reyes,tyler83@ali-morgan.biz,+1-734-539-9376
Jessica,Castro,michaelmorris@gmail.com,+1-993-140-8108x7884
Matthew,Palmer,ymiller@yahoo.com,+1-934-615-3843x5857
Aaron,Fritz,changangela@yahoo.com,4807717891
Robert,Lane,nicholsdaniel@hotmail.com,3833112728
Stephanie,Freeman,cruzdavid@scott-reed.com,4473145073
Robert,Rodriguez,matthewbriggs@nguyen-levy.info,(525)686-1467x96663
Heather,Flores,markhancock@yahoo.com,001-837-587-1587
Barbara,Torres,justin60@hotmail.com,001-305-285-5211x1374
Willie,King,ylee@manning.com,070-488-4933x0853
Kiara,Warren,charlenebrooks@castro.com,+1-092-502-2311x6106
Harold,Johnson,fordkevin@yahoo.com,368.081.8847x8002
Curtis,Parsons,tgarcia@mason-wheeler.net,5753676135
Virginia,Lynch,allenamanda@sutton.com,777-283-9848
Edward,Fritz,tleon@chang-evans.net,001-735-730-6130x95626
Benjamin,Conway,psmith@hotmail.com,169-739-6514x519
Peter,Ward,lwest@walter-smith.com,(661)064-9565x5893
William,Brandt,barbara59@hotmail.com,721.346.9780x806
Anita,Wilson,veronicawilson@yahoo.com,(674)710-7477x824
Chad,Brock,willie61@yahoo.com,072-868-4150x541
Jessica,Foster,erikasmith@yahoo.com,668.876.2990x9346
James,Scott,josephsmith@hotmail.com,(172)098-4966
Elizabeth,Preston,shannon36@yahoo.com,(699)037-6491
Lawrence,Avery,ramirezkaitlyn@mitchell.com,001-970-842-8301x8737
Tiffany,Walker,vparsons@mayer-sherman.net,(066)596-7205x315
Aaron,Thompson,austinwilliams@yahoo.com,784-189-2424x78085
Stephen,Rhodes,victoria42@diaz.com,001-919-866-3121x72375
Lisa,Garcia,balvarado@gmail.com,991.990.9738
Victoria,Smith,bobbymclaughlin@yahoo.com,001-088-884-8928
Mark,Collier,david56@hanson.com,001-331-793-2450x31408
Michael,Schmidt,vsimmons@ward.com,+1-629-276-3952
Wanda,Mcgee,tayloranthony@nelson-wallace.com,(242)710-1029
Juan,Delacruz,edwardbrown@carlson-jones.com,802.257.3113
Thomas,Walsh,mcgrathjoseph@gmail.com,001-865-872-3294x3746
Janet,Washington,sethfrancis@smith.com,+1-539-714-3509x3456
Michael,Clarke,vneal@gmail.com,267.957.3877
Patricia,Rowe,umiller@smith.com,223.690.1933x6238
Vincent,Lane,durhamteresa@rivera-jones.info,001-545-566-2290
Rhonda,Valentine,jennifer00@alexander.info,7419763080
Jill,Kelley,dmosley@dawson.net,(735)663-6364x09557
James,Mosley,xblankenship@norris.com,7342144997
Michelle,Cole,desireefernandez@bass.info,(423)468-2344x298
Alicia,Hanna,yhanna@hotmail.com,811.195.9392x485
William,Rosales,qrivera@gmail.com,001-800-867-7164
James,Martin,jkelly@yahoo.com,(338)264-7912x567
Daniel,Hernandez,stanley58@yahoo.com,411.486.4448x3816
Christine,Williams,hwilliams@romero-cline.com,441.976.0547x7566
Randy,Caldwell,wilsonjim@hotmail.com,(834)908-2388x820
Kenneth,Valdez,michaelhunter@gmail.com,521-312-7098
Deborah,Richard,james26@gmail.com,+1-492-003-5607
Keith,Robinson,gutierrezmaria@young.biz,(377)922-6365x834
Michael,Herman,pjohnson@perez.com,(751)617-4939x8226
John,Green,ljohnston@sparks-berg.net,333-869-4767x2783
Jonathan,Martin,petersondarren@hotmail.com,(180)647-0489x823
Kimberly,Beck,james62@yahoo.com,(472)431-8738x61345
Peter,Parker,suzannethompson@patel.net,(186)483-4338x861
Michael,Crawford,fbryant@gordon-ward.com,+1-760-942-0140x9031
Ray,Ramirez,jasminecoleman@gmail.com,+1-734-681-4385x2770
Tara,Burke,yanderson@hotmail.com,011.488.6205x86845
David,Fitzgerald,floressamantha@watson.com,8768710826
Samantha,Jackson,keithroman@hotmail.com,+1-873-069-1918x416
